ECK120010602_glyVp_10,tataat
ECK120010596_valUp_10,tataat
ECK120010613_glyUp_10,tataat
ECK120010603_leuXp_10,tataat
ECK120010599_ileXp_10,tataat
ECK120009850_menAp_10,tataat
ECK120010549_soxRp_10,tataat
ECK120010702_cmkp_10,tataat
ECK120029428_rpmIp_10,tataat
ECK120010461_focAp2_10,tataat
ECK125137429_kgtPp6_10,tataat
ECK120048894_gmkp_10,tataat
ECK120011036_gyrAp_10,tataat
ECK125136937_ydcLp5_10,tataat
ECK125140763_rybAp_10,tataat
ECK120015435_yebBp1_10,tataat
ECK125137668_yraHp7_10,tataat
ECK125137859_yiaTp6_10,tataat
ECK120010186_furpa_10,tataat
ECK120011014_purLp_10,tataat
ECK125241005_rpoEp5_10,tataat
ECK120010614_metYp2_10,tataat
ECK120016571_infAp1_10,tataat
ECK125136429_yagKp6_10,tataat
ECK125136581_ybeQp5_10,tataat
ECK120011024_uvrBp2_10,tataat
ECK125136678_ycaMp3_10,tataat
ECK125137597_ygiSp4_10,tataat
ECK120033253_sohAp_10,tataat
ECK120010999_fhuAp_10,tataat
ECK125137247_yehLp3_10,tataat
ECK125137861_yiaUp8_10,tataat
ECK120009902_ychFp_10,tataat
ECK120010417_atpIp_10,tataat
ECK125137301_yfaLp8_10,tataat
ECK125136938_ydcLp6_10,tataat
ECK120027940_tigp_10,tataat
ECK125137226_yegIp8_10,tataat
ECK125138067_lptFp6_10,tataat
ECK120010255_guaBp_10,tataat
ECK125137693_ibaGp4_10,tataat
ECK120010146_uvrDp1_10,tataat
ECK120033029_sbcDp_10,tataat
ECK125137268_yeiHp7_10,tataat
ECK125137962_yiiEp7_10,tataat
ECK120011020_sodAp_10,tataat
ECK120010293_tsxp2_10,tataat
ECK120010229_gcvAp_10,tataat
ECK125137821_insHp3_10,tataat
ECK125137938_rfaHp4_10,tataat
ECK125136762_comRp3_10,tataat
ECK125137293_mqop8_10,tataat
ECK125136584_ybeQp11_10,tataat
ECK125136808_ymgFp10_10,tataat
ECK125137066_ydiYp12_10,tataat
ECK125137431_kgtPp8_10,tataat
ECK120010482_stpAp2_10,tataat
ECK120010391_rpsJp_10,tataat
ECK125137891_setCp13_10,tataat
ECK125137751_yhfLp7_10,tataat
ECK125137671_yraHp10_10,tataat
ECK125136445_ykgBp4_10,tataat
ECK125136423_yagEp8_10,tataat
ECK125137822_insHp4_10,tataat
ECK120011000_glnLp_10,tataat
ECK120011019_recAp_10,tataat
ECK125137467_pphBp1_10,tataat
ECK125136680_ycaMp5_10,tataat
ECK125136902_ynaKp8_10,tataat
ECK125137749_yhfLp4_10,tataat
ECK125137105_dmlRp3_10,tataat
ECK125137540_idip4_10,tataat
ECK125136376_htrEp5_10,tataat
ECK125137021_addp6_10,tataat
ECK120009918_gcdp1_10,tataat
ECK125137120_kdgRp9_10,tataat
ECK125137857_yiaTp3_10,tataat
ECK125137267_yeiEp7_10,tataat
ECK120030648_rydCp_10,tataat
ECK125136774_ycfDp4_10,tataat
ECK120010532_uppp_10,tataat
ECK125137122_yebQp5_10,tataat
ECK120010529_pykFp_10,tataat
ECK125137935_ubiEp2_10,tataat
ECK125137593_ygiQp5_10,tataat
ECK125136499_hhap6_10,tataat
ECK125137941_ubiDp9_10,tataat
ECK125136405_yafTp6_10,tataat
ECK125137889_setCp10_10,tataat
ECK125137177_yedIp2_10,tataat
ECK125137502_ygdQp3_10,tataat
ECK125137157_uspCp2_10,tataat
ECK125136517_ybbOp4_10,tataat
ECK125137484_queEp7_10,tataat
ECK125137108_yoaBp4_10,tataat
ECK125137465_ygaZp8_10,tataat
ECK125137963_yiiFp7_10,tataat
ECK125137215_rfcp8_10,tataat
ECK125136906_ompNp3_10,tataat
ECK125136560_ybdRp6_10,tataat
ECK125138116_rsmCp3_10,tataat
ECK120009959_gpmAp_10,tataat
ECK125136897_trkGp1_10,tataat
ECK125136802_ycgXp4_10,tataat
ECK125136654_ybiVp5_10,tataat
ECK125137820_yhiNp6_10,tataat
ECK125137937_tatAp1_10,tataat
ECK125136410_yafLp6_10,tataat
ECK125137424_srmBp4_10,tataat
ECK125137672_yraHp11_10,tataat
ECK125137121_yebQp4_10,tataat
ECK120009933_treRp4_10,tataat
ECK120034547_gptp_10,tataat
ECK120010210_fecIp_10,tgtaat
ECK125136814_ycgNp5_10,tgtaat
ECK125136881_mppAp13_10,tatatt
ECK125136632_ybhBp2_10,tatatt
ECK125136903_ynaKp10_10,tattat
ECK125136518_rhsDp8_10,tatagt
ECK120010600_argXp_10,tattat
ECK120010611_alaWp_10,tatgat
ECK125137966_yiiGp7_10,tatatt
ECK125136686_ycaLp6_10,tatgat
ECK125137448_yfjIp3_10,tttaat
ECK125137718_aaeRp7_10,tttaat
ECK120010595_argWp_10,tatact
ECK120010704_napFp2_10,tttaat
ECK120010521_gapAp1_10,tgtaat
ECK125134720_adep_10,tttaat
ECK120010995_aroLp_10,tatagt
ECK120009935_exbBp_10,tattat
ECK125137666_yraHp5_10,tatgat
ECK120010598_pheVp_10,tttaat
ECK120010617_pheUp_10,tttaat
ECK120010170_sdhCp_10,tatact
ECK120010632_xapRp2_10,tatatt
ECK120030645_ycaRp_10,tatgat
ECK120026305_trpSp_10,tgtaat
ECK120010770_pfkAp2_10,tatact
ECK120010597_metZp_10,tatagt
ECK120049202_gadEp3_10,tttaat
ECK125109864_rcsBp1_10,tatgat
ECK120010476_osmBp2_10,tattat
ECK120010205_cysPp_10,tatgat
ECK120009875_efpp_10,tatatt
ECK125137425_yfiEp7_10,tatatt
ECK120009851_astCp1_10,tattat
ECK120010459_hflDp_10,tattat
ECK120010037_nfsBp_10,tgtaat
ECK125137958_yihVp3_10,tgtaat
ECK120032974_ryjBp_10,tttaat
ECK125137455_yfjPp6_10,tatcat
ECK125137221_rfbXp8_10,tattat
ECK125137541_idip5_10,tatgat
ECK120010263_treBp_10,tatatt
ECK120010752_yiaKp_10,tatatt
ECK120010334_gdhAp1_10,tatagt
ECK125137311_aisp8_10,tttaat
ECK125136649_mntRp5_10,tatatt
ECK120010206_cysDp_10,tatagt
ECK120010499_yadVp3_10,tttaat
ECK125137616_yqiJp8_10,tatatt
ECK125095198_yjjZp_10,tatgat
ECK125137825_yhjBp4_10,tgtaat
ECK125136384_yadSp6_10,tattat
ECK120015424_gloAp_10,tatact
ECK125136824_ycgVp9_10,tatatt
ECK120010716_modAp_10,tatatt
ECK125137228_yegJp7_10,tatatt
ECK120033681_yafNp_10,tatact
ECK125137719_aaeRp9_10,tattat
ECK125136476_yaiVp4_10,tttaat
ECK125137403_rodZp1_10,tatact
ECK120010245_marRp_10,tattat
ECK120030787_yhjAp_10,tatgat
ECK120010162_alkBp_10,tatcat
ECK120010062_metAp2_10,tatatt
ECK120030657_dapBp2_10,tatcat
ECK125137149_yecDp8_10,tattat
ECK120010322_hemAp1_10,tatgat
ECK125136535_ybcKp5_10,tatatt
ECK120010380_rpsUp1_10,tatact
ECK125137726_yhdHp6_10,tatagt
ECK120010261_soxSp_10,tatact
ECK125162179_feaRp1_10,tatagt
ECK125160650_cbpAp6_10,tatatt
ECK120010473_osmYp_10,tatatt
ECK120034384_leuOp_10,tattat
ECK120015431_yebCp_10,tgtaat
ECK120010309_focAp3_10,tatatt
ECK125136653_ybiUp7_10,tatatt
ECK120010234_dpsp_10,tatact
ECK120029860_tomBp1_10,tatagt
ECK120010012_impp2_10,tatcat
ECK120015412_pgkp1_10,tatagt
ECK120010608_tyrTp_10,tatgat
ECK125136738_ymdBp3_10,tgtaat
ECK125137023_cnup7_10,tgtaat
ECK120009994_rfaDp1_10,tatgat
ECK120048895_rpoZp_10,tatcat
ECK120035117_murQp1_10,tatgat
ECK120033723_yfdXp_10,tatgat
ECK120034354_tpiAp2_10,tatact
ECK125137814_yhhIp6_10,tttaat
ECK120010605_serWp_10,tatagt
ECK120029523_rnep3_10,tatatt
ECK120010145_tyrRp_10,tatcat
ECK120009987_fepDp2_10,tatcat
ECK125109862_fhuFp2_10,tatgat
ECK125137999_zurp6_10,tattat
ECK120010514_rpoHp1_10,tatact
ECK120010350_gndp_10,tatact
ECK120010639_mgtAp1_10,tattat
ECK125158028_ssrAp_10,tatact
ECK120009910_inaAp_10,tatagt
ECK120051395_ahpCp2_10,tgtaat
ECK120015389_polBp_10,tatact
ECK125137973_fieFp4_10,tatact
ECK125137329_yfbOp6_10,tatgat
ECK120011045_pncBp_10,tatact
ECK120010218_aspAp_10,tatgat
ECK125140836_higBp_10,tatcat
ECK125160646_frrp_10,tatact
ECK120010271_gntTp1_10,tatcat
ECK125137921_cyaYp5_10,tatact
ECK125136558_ybdLp3_10,tatagt
ECK120033607_nagCp2_10,tattat
ECK120010164_slpp_10,tattat
ECK125137507_kduIp5_10,tatcat
ECK125137626_mugp6_10,tatact
ECK120034387_argOp_10,tatagt
ECK125095432_azuCp_10,tattat
ECK125136793_croEp5_10,tgtaat
ECK120015765_recNp_10,tatact
ECK125136898_trkGp7_10,tatgat
ECK120009960_ryhBp_10,tattat
ECK120009927_pcnBp3_10,tatgat
ECK120033728_mutLp1_10,tatgat
ECK125137220_rfbXp7_10,tattat
ECK125109865_rcsBp2_10,tatact
ECK120034206_bluRp_10,tatatt
ECK120010663_ompRp1_10,tatact
ECK120009939_narUp1_10,tctaat
ECK120033212_surEp2_10,tttaat
ECK120011010_phoAp_10,tatagt
ECK120010131_lexAp_10,tatact
ECK125137032_ydhFp3_10,tatact
ECK120010035_znuCp_10,tattat
ECK120010149_cysBp_10,tattat
ECK120010361_hisSp_10,tatgat
ECK120010201_hnsp_10,tattat
ECK120033606_nagCp1_10,tatact
ECK125136834_purUp3_10,tatatt
ECK120010091_gcvBp_10,tatagt
ECK125095183_pepAp3_10,tatact
ECK120010451_deoBp_10,tatact
ECK120009958_rrsBp2_10,tattat
ECK120010776_yjeFp3_10,tttaat
ECK120009917_hptp_10,tatact
ECK120010276_folAp_10,tatagt
ECK120049205_fadRp_10,tatgat
ECK120010190_ubiGp_10,tatact
ECK125109144_rnlBp2_10,tatact
ECK125137517_yqeIp5_10,tatatt
ECK120011012_purCp_10,tatgat
ECK125137711_yhcNp6_10,tatact
ECK125136569_ybeFp5_10,tatatt
ECK125095453_ftnAp_10,tatagt
ECK125095431_iraDp1_10,tatatt
ECK125165943_pgpBp_10,tatgat
ECK120010181_betIp_10,tttaat
ECK120015164_istR-1p_10,tatact
ECK120034201_bssSp_10,tatact
ECK125136764_bhsAp9_10,tatcat
ECK120010226_mglBp_10,tatgat
ECK125137615_yqiJp7_10,tatatt
ECK120010502_mngRp_10,tattat
ECK125137783_yhhZp5_10,tgtaat
ECK120009981_acsp2_10,tattat
ECK120016963_rimPp_10,tatact
ECK125137279_rtnp1_10,tatagt
ECK125137254_pbpGp7_10,tatgat
ECK125136586_ybeRp5_10,tattat
ECK125137569_yghJp6_10,tatagt
ECK125136825_ycgVp10_10,tatatt
ECK120010470_accDp_10,tttaat
ECK120010221_fepAp_10,tattat
ECK120033629_rrsAp2_10,tattat
ECK120009866_rrsCp2_10,tattat
ECK120010418_ilvLp1_10,tatatt
ECK125137346_yfcVp7_10,tatatt
ECK120010305_sdhDp2_10,tatcat
ECK120009869_rrsGp2_10,tattat
ECK120030649_yejAp_10,tattat
ECK120016952_glyQp_10,tatact
ECK125136608_ybgOp3_10,tattat
ECK125137782_yhhXp5_10,tattat
ECK120010657_hybOp1_10,tatcat
ECK120015518_dinQp_10,tatgat
ECK120033032_ychHp_10,tatact
ECK125137132_holEp4_10,tctaat
ECK125137191_yeeNp4_10,tatgat
ECK125137348_yfcVp9_10,tatagt
ECK125136889_ydaEp5_10,tatgat
ECK125203430_yajGp_10,tatgat
ECK125138034_frdDp7_10,tatcat
ECK125136929_ydcJp11_10,tattat
ECK125136918_ydcFp3_10,tattat
ECK125136590_ybeUp4_10,tatact
ECK125136946_yncLp4_10,tattat
ECK125137038_ribCp5_10,tatact
ECK125136618_zitBp2_10,tatgat
ECK125136928_ydcJp10_10,tatgat
ECK120010537_clpAp1_10,tatgat
ECK125137328_yfbOp5_10,tatgat
ECK125136692_ssuBp3_10,tattat
ECK125137646_yqjGp2_10,tatact
ECK125137008_ynfKp5_10,tatatt
ECK125137961_yiiEp5_10,tattat
ECK125137442_ypjDp5_10,tatact
ECK125137527_ygeIp8_10,tatgat
ECK125136400_mltDp4_10,tatgat
ECK125137965_fdhEp1_10,tatcat
ECK125137899_adep7_10,tatgat
ECK125137342_yfcLp5_10,tattat
ECK125136862_pgpBp7_10,tatgat
ECK125137160_uspCp6_10,tatgat
ECK125137896_yicOp10_10,tattat
ECK125136607_dtpDp8_10,tatatt
ECK125137609_ygiNp2_10,tatact
ECK120015959_acrRp_10,tatatt
ECK125136673_aatp5_10,tattat
ECK125137175_yodCp6_10,tatcat
ECK125137829_yhjKp2_10,tatact
ECK125137399_yfgHp10_10,tatatt
ECK125137380_yfeXp3_10,tattat
ECK125137875_yibNp7_10,tatact
ECK120010701_cutAp_10,tatagt
ECK120051380_dinBp_10,tatact
ECK125136650_mntRp6_10,tatatt
ECK125138031_epmBp3_10,tatagt
ECK125136513_ybaQp3_10,tatgat
ECK125137068_yniAp5_10,tatgat
ECK125137196_erfKp4_10,tatact
ECK125136643_ybiOp2_10,tatact
ECK125138094_yjiKp6_10,tatact
ECK125138113_yjjAp8_10,tatact
ECK125137457_yfjWp5_10,tatgat
ECK125136977_yneEp7_10,tatcat
ECK125136447_ykgBp9_10,tattat
ECK125137607_mdaBp5_10,tatagt
ECK125137724_csrDp4_10,tatact
ECK125136783_litp9_10,tatact
ECK125137614_ygiLp5_10,tatcat
ECK120010644_damXp_10,tattat
ECK120010606_serTp_10,tatagt
ECK125136621_ybgSp5_10,tatatt
ECK125136908_ompNp6_10,tattat
ECK125137670_yraHp9_10,tatgat
ECK120010382_rpoDp1_10,tatact
ECK125136582_ybeQp8_10,tatact
ECK125137282_rsuAp2_10,tatact
ECK125137967_yiiGp8_10,tatatt
ECK120010137_nagBp_10,tatcat
ECK125137734_envRp15_10,tatatt
ECK120009953_cydAp5_10,tatgat
ECK125137216_rfcp10_10,tattat
ECK125138011_gltPp6_10,tattat
ECK125137404_rodZp2_10,tatact
ECK125137802_yhhQp5_10,tatcat
ECK125136642_rlmFp7_10,tatgat
ECK125138079_insIp5_10,tatatt
ECK125138124_yjjXp5_10,tatact
ECK120016956_ribFp_10,tatact
ECK125137720_aaeRp10_10,tattat
ECK125137817_yhiMp9_10,tatatt
ECK125136912_ydbCp1_10,tatact
ECK120009928_mhpAp_10,tatact
ECK125138120_yjjJp4_10,tatact
ECK125136561_rnkp6_10,tatcat
ECK125137012_ynfMp5_10,tatatt
ECK125136347_yaaJp4_10,tatact
ECK125137316_rbnp4_10,tatact
ECK125138082_fecEp5_10,tatgat
ECK125136575_dacAp3_10,tatagt
ECK125136434_yagNp8_10,tatcat
ECK120010753_paaXp_10,tatgat
ECK120009930_mgtAp2_10,tttaat
ECK125136927_ydcIp4_10,tatcat
ECK125136857_ymiAp6_10,tatgat
ECK125137300_yfaLp7_10,tattat
ECK125136455_ykgEp8_10,tatcat
ECK125137826_yhjDp5_10,tatact
ECK120010219_fruBp_10,tattat
ECK125138035_rsgAp12_10,tatatt
ECK125137628_yqjHp5_10,tatcat
ECK125109863_rcsDp_10,tatact
ECK125136652_ybiUp6_10,tatatt
ECK125136422_yagEp3_10,tatgat
ECK120016950_feoAp_10,tatcat
ECK125136785_ymfJp6_10,tatact
ECK125137053_ydiHp3_10,tatact
ECK125137253_pbpGp5_10,tatact
ECK125137242_yehEp7_10,tatcat
ECK120010375_ptrAp_10,tatgat
ECK125136587_ybeRp6_10,tattat
ECK125137427_pssAp6_10,tattat
ECK125137203_yeeZp5_10,tatcat
ECK120010698_arcAp5_10,tatgat
ECK125137101_yeaPp3_10,tatcat
ECK120010244_nfop_10,tatcat
ECK125137317_elaDp8_10,tatatt
ECK125137536_mocAp9_10,tatact
ECK125138013_yjcOp2_10,tatact
ECK125137024_cnup8_10,tattat
ECK125137371_alaXp5_10,tatgat
ECK125136460_yahCp5_10,tatagt
ECK125138036_ornp5_10,tatagt
ECK125137754_frlAp13_10,tatatt
ECK125137019_uidCp5_10,tattat
ECK125136698_ycbWp6_10,tatatt
ECK125136836_purUp5_10,tatatt
ECK125136386_frrp3_10,tatact
ECK125137699_yhcAp9_10,tatcat
ECK125136819_emtAp4_10,tatcat
ECK125137504_tasp4_10,tatatt
ECK125136767_lolCp5_10,tatact
ECK125136613_ybgCp5_10,tatagt
ECK125136465_yaiOp4_10,tattat
ECK125136778_ymfDp5_10,tattat
ECK125203421_yfiRp_10,tttaat
ECK125138083_insAp13_10,tattat
ECK120009878_chpSp2_10,tatact
ECK125140841_sdiAp3_10,tatcat
ECK125137116_cspCp8_10,tatatt
ECK125137049_sufEp3_10,tatgat
ECK125137025_cnup9_10,tattat
ECK125136704_yccTp5_10,tattat
ECK125136950_ydcYp3_10,tatcat
ECK125138068_yjgRp3_10,tatact
ECK125137812_rhsBp11_10,tattat
ECK120015395_fhuFp_10,tatgat
ECK125138051_ytfLp3_10,tatact
ECK125137588_yqhAp8_10,tatact
ECK125137691_sfsBp2_10,tatatt
ECK125137367_yfeAp5_10,tattat
ECK125137926_rarDp3_10,tatatt
ECK125137475_ygbEp3_10,tattat
ECK125136965_maeAp3_10,tatact
ECK125137443_nadKp2_10,tattat
ECK125137137_purTp3_10,tatact
ECK125136811_ycgJp5_10,tatcat
ECK125137351_yfdFp8_10,tatatt
ECK125137750_yhfLp5_10,tatatt
ECK125137860_yiaTp8_10,tattat
ECK125136985_ydeEp4_10,tatact
ECK120010994_aroHp1_10,tatcat
ECK125136695_elfAp8_10,tattat
ECK125137151_yecMp2_10,tatact
ECK125136743_yceOp8_10,tattat
ECK120011043_glyAp_10,tatact
ECK125137227_yegIp9_10,tatcat
ECK125137680_yhbQp2_10,tatact
ECK125136403_yafTp4_10,tatatt
ECK120048892_yegRp_10,tattat
ECK125137692_sfsBp3_10,tatagt
ECK125137546_zapAp3_10,tatagt
ECK125136948_ydcXp7_10,tatagt
ECK125136404_yafTp5_10,tattat
ECK125137153_argSp_10,tatact
ECK125137225_yegIp7_10,tatcat
ECK120010410_dnaAp2_10,tatgat
ECK125137620_glnEp6_10,tatgat
ECK125134706_yqjHp_10,tatcat
ECK120010299_fesp_10,tattat
ECK120010183_cadCp_10,tatcat
ECK120010128_ilvYp_10,tatatt
ECK125240999_rpoEp2b_10,tttaat
ECK120010096_agaSp_10,tttaat
ECK125136982_yneKp5_10,tatagt
ECK120030666_pdeLp2_10,tatcat
ECK125137350_yfdFp7_10,tatatt
ECK125138047_ytfIp4_10,tttaat
ECK120010631_xapRp1_10,tttaat
ECK120009999_fadDp_10,tattat
ECK120010159_glnBp2_10,tataaa
ECK120010609_glyWp_10,tagaat
ECK120010604_metTp_10,cataat
ECK125137004_ynfAp5_10,tataac
ECK120010618_leuQp_10,tagaat
ECK120009941_flup_10,aataat
ECK125136960_yddJp5_10,aataat
ECK125136530_sfmCp4_10,tataac
ECK120010721_dadAp1_10,aataat
ECK120035119_sibAp_10,cataat
ECK120010990_argFp_10,tataaa
ECK120015956_zinTp_10,tataac
ECK125137785_yrhBp7_10,aataat
ECK120010991_argIp_10,tataaa
ECK120016705_fliFp1_10,aataat
ECK125138140_csrAp2_10,aataat
ECK125230250_cecRp_10,cataat
ECK125162184_tynAp1_10,gataat
ECK125138087_yjhUp9_10,tataaa
ECK120033028_nrdRp_10,taaaat
ECK125095189_waaYp_10,tataaa
ECK125137391_ypfGp4_10,aataat
ECK120009980_acsp1_10,taaaat
ECK125136980_yneJp5_10,aataat
ECK125137658_tdcGp2_10,tataag
ECK120033031_sdaCp_10,gataat
ECK125137091_yeaIp5_10,cataat
ECK120035103_yebGp_10,tataaa
ECK120010157_tnaCp_10,aataat
ECK125109032_oxySp_10,gataat
ECK120011041_malIp_10,tataag
ECK120010723_garPp_10,cataat
ECK125140842_sdiAp4_10,tataaa
ECK125136813_ycgNp3_10,tataag
ECK120010724_rncp_10,tagaat
ECK125137419_yfhHp5_10,tataaa
ECK120010665_ompRp4_10,tataac
ECK120010214_narXp_10,taaaat
ECK120010486_mdoGp1_10,taaaat
ECK125136995_ynfNp6_10,gataat
ECK120029862_ycfSp_10,cataat
ECK125136707_yccXp5_10,cataat
ECK120010398_uspAp1_10,tataag
ECK120033027_yibDp1_10,aataat
ECK120016965_yhdTp_10,tacaat
ECK125095436_glmYp2_10,cataat
ECK120032986_rcnRp_10,gataat
ECK125136537_ybcLp2_10,cataat
ECK120016579_flgAp_10,tacaat
ECK125136788_ymfJp10_10,cataat
ECK125136413_proBp8_10,aataat
ECK120010044_nrdDp_10,taaaat
ECK120033254_loiPp_10,tagaat
ECK125136974_ydeNp_10,taaaat
ECK120030788_sgrSp_10,aataat
ECK120009945_trxCp_10,gataat
ECK125137159_uspCp5_10,aataat
ECK125138084_insAp14_10,tataaa
ECK125137033_ydhLp3_10,aataat
ECK120009955_infCp2_10,taaaat
ECK125137558_yggMp3_10,gataat
ECK120010324_pyrFp_10,tagaat
ECK120032970_symRp_10,tagaat
ECK125136662_ybjMp8_10,gataat
ECK120016339_dcuSp_10,gataat
ECK125137662_tdcRp7_10,tataaa
ECK120015161_waaAp1_10,tagaat
ECK125137444_smpBp5_10,aataat
ECK120034550_panBp_10,taaaat
ECK125137880_waaUp6_10,gataat
ECK125137090_msrBp6_10,tagaat
ECK125137827_yhjEp8_10,tataaa
ECK120010161_purAp_10,tagaat
ECK125137170_sdiAp1b_10,aataat
ECK120010251_nhaAp1_10,taaaat
ECK120034548_frsAp_10,tacaat
ECK120029524_hemHp_10,tacaat
ECK120010432_metJp2_10,taaaat
ECK120010681_pqiAp1_10,tataaa
ECK120010387_metYp1_10,tagaat
ECK120010445_ampCp_10,tacaat
ECK120009920_mfdp1_10,gataat
ECK120010680_gltXp3_10,tagaat
ECK120010522_gapAp3_10,taaaat
ECK120010357_ptsHp2_10,cataat
ECK125137862_yiaUp9_10,tataaa
ECK120010403_gyrBp_10,taaaat
ECK125137182_yedXp_10,aataat
ECK120010351_micFp_10,tagaat
ECK125136419_mmuPp5_10,tataac
ECK125095184_ppdDp_10,gataat
ECK125137485_ygcGp6_10,tataaa
ECK120010601_thrUp_10,tagaat
ECK120011026_ansBp2_10,gataat
ECK125137816_yhiJp6_10,aataat
ECK120010207_nupCp_10,tagaat
ECK120010192_nupGp_10,tagaat
ECK125136786_ymfJp8_10,cataat
ECK125136625_ybhAp6_10,tataaa
ECK120015955_narKp2_10,cataat
ECK120011015_purMp_10,tagaat
ECK120033698_rutRp2_10,taaaat
ECK125138048_ytfIp9_10,taaaat
ECK120010507_fliAp1_10,gataat
ECK125137746_slyDp6_10,aataat
ECK120009948_chiAp_10,aataat
ECK125122033_yciCp_10,tacaat
ECK120009998_moeAp_10,cataat
ECK125137519_yqeIp7_10,tataaa
ECK120010688_lysPp_10,tacaat
ECK120009854_pyrHp_10,tacaat
ECK125136688_ycaLp9_10,cataat
ECK120010254_speAp_10,aataat
ECK125136539_ybcNp5_10,cataat
ECK120030810_glmZp_10,cataat
ECK120010571_cvpAp1_10,tagaat
ECK120034940_ybaOp_10,taaaat
ECK125136461_yahMp4_10,cataat
ECK120029521_rnep1_10,aataat
ECK120010282_lpdAp_10,taaaat
ECK125138002_dusAp6_10,taaaat
ECK125137229_yegJp8_10,taaaat
ECK125203431_rplVp_10,tagaat
ECK120010193_uhpTp_10,tacaat
ECK125136446_ykgBp7_10,taaaat
ECK120009934_fiup_10,gataat
ECK120035104_dinIp_10,tataaa
ECK125137642_ygjVp4_10,tataaa
ECK125136899_trkGp8_10,cataat
ECK120011046_prsp_10,tagaat
ECK120010116_deoCp2_10,tagaat
ECK125136498_ffsp7_10,gataat
ECK125158030_acrZp_10,tagaat
ECK125138025_yjdLp1_10,aataat
ECK120009913_dcuDp_10,tacaat
ECK120010115_deoCp1_10,tagaat
ECK125137029_slyAp13_10,cataat
ECK120020532_appYp_10,taaaat
ECK120010560_ppiAp1_10,tagaat
ECK120010678_gltXp1_10,aataat
ECK125137466_hycIp4_10,tacaat
ECK120011044_nadBp_10,taaaat
ECK120010169_cyoAp_10,taaaat
ECK125137072_ydjOp9_10,gataat
ECK120010636_glcCp_10,cataat
ECK120032973_ryfDp_10,tataac
ECK120010728_hupBp2_10,tataac
ECK120033732_hfqp3_10,tacaat
ECK125136473_hemBp7_10,tataaa
ECK120015469_rpsPp_10,taaaat
ECK120015384_amyAp_10,aataat
ECK120011011_phoBp_10,cataat
ECK120009952_cydAp4_10,tataaa
ECK120009897_nanAp_10,tataac
ECK125134704_glgAp_10,tacaat
ECK120009909_cusRp_10,tagaat
ECK125138139_csrAp1_10,aataat
ECK125137131_yebWp6_10,taaaat
ECK120015385_bglXp_10,tataac
ECK120010119_fnrp_10,taaaat
ECK125136350_yaaIp3_10,tataaa
ECK120034397_rpsBp_10,tataaa
ECK125138142_csrAp5_10,gataat
ECK120049219_pldAp_10,taaaat
ECK125137874_grxCp2_10,aataat
ECK125137088_ydjFp7_10,gataat
ECK125136531_sfmCp5_10,tataac
ECK120010248_codBp_10,tagaat
ECK125137845_yiaDp3_10,aataat
ECK125137944_yihFp6_10,gataat
ECK125137871_yibLp6_10,tacaat
ECK120010643_aroKp2_10,gataat
ECK125140844_pkap_10,taaaat
ECK120029525_pitBp_10,gataat
ECK125137231_ogrKp5_10,taaaat
ECK125137651_yhaIp11_10,tataaa
ECK125137345_yfcVp6_10,taaaat
ECK120010774_yjeFp1_10,taaaat
ECK120010202_pckp_10,gataat
ECK125095449_mqsRp2_10,tataac
ECK120010393_pabAp1_10,taaaat
ECK120010135_melRp_10,cataat
ECK125136344_yaaXp4_10,taaaat
ECK120011013_purHp_10,tacaat
ECK125137192_yeeNp7_10,tagaat
ECK120032971_ohsCp_10,cataat
ECK125136856_yciNp11_10,taaaat
ECK125137306_yfaZp4_10,tacaat
ECK120030647_mreBp3_10,tagaat
ECK125136565_crcBp3_10,taaaat
ECK120030790_alaCp_10,taaaat
ECK125137165_yecHp3_10,tacaat
ECK125137947_typAp6_10,tacaat
ECK125137190_shiAp11_10,taaaat
ECK125136472_yaiSp14_10,tacaat
ECK125137865_yiaYp6_10,tacaat
ECK125137324_yfbLp10_10,taaaat
ECK120009849_mplp2_10,taaaat
ECK125137559_yggMp4_10,gataat
ECK120010748_rnbp1_10,tacaat
ECK125136421_mmuPp7_10,tataac
ECK125136679_ycaMp4_10,taaaat
ECK125136660_ybjLp12_10,taaaat
ECK125137809_rhsBp8_10,taaaat
ECK125137039_mdtKp9_10,tacaat
ECK125136626_ybhAp10_10,taaaat
ECK125136622_ybgSp7_10,tacaat
ECK125136538_ybcLp7_10,cataat
ECK125138005_yjcDp6_10,gataat
ECK125136817_cvrAp6_10,taaaat
ECK120010247_manXp_10,taaaat
ECK125138066_lptFp5_10,taaaat
ECK125136383_yadSp5_10,taaaat
ECK125137525_ygeIp6_10,taaaat
ECK125137784_yhhZp7_10,taaaat
ECK125136349_yaaIp2_10,taaaat
ECK125136973_ydeNp3_10,taaaat
ECK125137881_waaUp8_10,gataat
ECK120048891_uvrBp1_10,taaaat
ECK125138061_yjgLp2_10,taaaat
ECK125136815_dsbBp6_10,tataaa
ECK125138001_yjbLp5_10,gataat
ECK125137323_yfbLp9_10,taaaat
ECK125137690_rpmAp4_10,taaaat
ECK125137637_ygjQp5_10,taaaat
ECK120029865_dgcZp_10,tagaat
ECK125137307_yfaZp5_10,tacaat
ECK125137661_tdcRp6_10,tacaat
ECK125137219_rfbXp6_10,taaaat
ECK120029527_defp_10,tagaat
ECK125138021_yjdMp5_10,taaaat
ECK125137104_leuEp4_10,gataat
ECK120010649_pgip_10,tacaat
ECK125137065_ydiYp11_10,tataaa
ECK125095201_bdcAp_10,cataat
ECK125137599_mqsAp9_10,tataaa
ECK125137858_yiaTp4_10,taaaat
ECK125137650_yhaIp10_10,taaaat
ECK125137073_ydjOp10_10,taaaat
ECK125136664_ybjOp5_10,taaaat
ECK125137869_yibTp5_10,taaaat
ECK125137660_tdcRp5_10,tataaa
ECK120010763_serCp_10,aataat
ECK125137918_yifBp6_10,taaaat
ECK125137145_ruvBp3_10,tataaa
ECK125137909_yieKp3_10,taaaat
ECK120016232_acrEp_10,tagaat
ECK125137863_yiaUp11_10,taaaat
ECK120010710_xapAp_10,tataaa
ECK125137560_yggLp2_10,tataaa
ECK120010633_fliLp1_10,gataat
ECK125137059_ppsRp8_10,taaaat
ECK125138106_yjjLp5_10,taaaat
ECK125137524_ygeHp10_10,tataaa
ECK120010179_asnCp_10,taaaat
ECK125137993_arpAp8_10,taaaat
ECK125137289_ecop5_10,taaaat
ECK120035130_yefMp_10,tacaat
ECK125137596_parCp4_10,gataat
ECK125137932_pldBp4_10,taaaat
ECK125137919_yifBp8_10,taaaat
ECK125137095_yeaMp6_10,taaaat
ECK120011035_fucAp_10,tataaa
ECK125137266_yeiEp6_10,taaaat
ECK125137000_remp2_10,tagaat
ECK125137286_rplYp6_10,tagaat
ECK125136714_cspHp10_10,gataat
ECK125136790_cohEp9_10,tacaat
ECK125137125_yebSp6_10,taaaat
ECK125137124_yebSp5_10,taaaat
ECK125137086_ydjEp6_10,taaaat
ECK125136988_ydeIp6_10,tataaa
ECK125137598_mqsAp8_10,taaaat
ECK125137292_mqop5_10,taaaat
ECK125136648_mntRp4_10,tacaat
ECK125136733_ycdZp4_10,taaaat
ECK125136702_yccSp2_10,taaaat
ECK125136585_ybeQp12_10,taaaat
ECK125136571_ybeFp7_10,taaaat
ECK125136547_ybdJp2_10,taaaat
ECK125137959_yihVp4_10,taaaat
ECK125136941_ydcPp2_10,taaaat
ECK125137887_xanPp4_10,taaaat
ECK125137495_csdAp3_10,taaaat
ECK125137630_ygjHp4_10,taaaat
ECK125136763_bhsAp8_10,tataaa
ECK125137169_sdiAp2_10,tataaa
ECK125136670_aqpZp3_10,taaaat
ECK125137100_yoaFp10_10,gataat
ECK125136684_pflAp8_10,tacaat
ECK125137397_yfgGp6_10,taaaat
ECK125137082_ynjIp4_10,taaaat
ECK125137706_nanRp10_10,cataat
ECK120009942_amiAp_10,cataat
ECK125137710_yhcNp5_10,taaaat
ECK125137969_yiiMp4_10,taaaat
ECK125136752_yceFp7_10,taaaat
ECK125138118_prfCp4_10,taaaat
ECK125138091_hypTp4_10,tagaat
ECK125137230_yegQp1_10,tacaat
ECK125137682_yhbUp5_10,taaaat
ECK125137246_yehKp1_10,tacaat
ECK125095452_greAp1_10,taaaat
ECK125137492_ygdDp2_10,taaaat
ECK120010110_argRp1_10,aataat
ECK125095187_ydeJp_10,aataat
ECK125137285_rplYp5_10,tagaat
ECK120010422_repp_10,tacaat
ECK120010659_arcAp4_10,tacaat
ECK120030215_iraPp1_10,aataat
ECK120010423_trxAp1_10,tagaat
ECK120010225_tonBp_10,taaaat
ECK120010310_rpsAp3_10,tacaat
ECK120030212_gspAp1_10,tataaa
ECK120034941_ompXp1_10,taaaat
ECK125137318_yfbKp3_10,tatttt
ECK120034939_nemRp_10,tctact
ECK120009954_fldBp_10,tctgat
ECK125136617_zitBp1_10,tgtcat
ECK125136997_cspFp7_10,tttagt
ECK120010647_lysCp2_10,tttatt
ECK125136452_ykgDp2_10,tttact
ECK120010269_eddp1_10,tttatt
ECK125137879_waaUp5_10,tttatt
ECK120010693_ychQp_10,tatggt
ECK125137060_ydiEp5_10,tgttat
ECK120010143_sulAp_10,tgtact
ECK125136453_ykgDp3_10,tctgat
ECK120010720_acpPp_10,ttttat
ECK120010108_araBp_10,tctact
ECK120034389_yoaEp_10,tctgat
ECK125136713_cspHp9_10,tttagt
ECK120010709_paaAp_10,tattgt
ECK125203423_gfcAp_10,tatctt
ECK120010112_cirAp2_10,tgttat
ECK125137904_yidBp3_10,tttcat
ECK120010295_clpPp1_10,tgttat
ECK125136880_mppAp9_10,tttgat
ECK120010764_cedAp_10,tgttat
ECK125136503_ybaNp8_10,tatgct
ECK120010195_malXp_10,ttttat
ECK125137309_aisp4_10,tcttat
ECK120010992_aroFp_10,tgttat
ECK120010497_yadVp1_10,tctatt
ECK120010670_acnAp2_10,tgttat
ECK125137994_arpAp9_10,tgtcat
ECK120009885_dctAp_10,tgttat
ECK125137836_bcsEp11_10,tctgat
ECK120010434_metBp_10,tttact
ECK120010123_galEp2_10,tgttat
ECK125137641_alxp5_10,tgtcat
ECK125136744_grxBp2_10,tttgat
ECK125137924_rarDp1_10,tatggt
ECK120010660_arcAp6_10,tttatt
ECK120010148_araEp_10,tatttt
ECK120011029_tyrBp_10,tttatt
ECK120029864_yebEp_10,tatgct
ECK120011033_fumAp_10,tattgt
ECK120010113_cirAp1_10,tatcgt
ECK125140756_mntPp_10,tatgtt
ECK120035124_ycdTp_10,tctatt
ECK125160651_cbpAp4_10,tatgtt
ECK120009923_rimKp_10,tttatt
ECK125095208_grxD_10,tgttat
ECK125137844_bisCp7_10,ttttat
ECK120010395_ugpBp1_10,tgtcat
ECK125137640_alxp4_10,tgtcat
ECK125137648_yhaHp8_10,tctatt
ECK125136596_insHp5_10,tgttat
ECK125137198_insHp2_10,ttttat
ECK120030653_ileSp1_10,tgttat
ECK125137653_yhaJp4_10,ttttat
ECK120009855_nrdHp_10,tctagt
ECK120010227_gatYp_10,tttcat
ECK125095203_rfep_10,tgttat
ECK125135020_grxBp_10,tttgat
ECK120011017_pyrCp_10,tatcct
ECK125137497_amiCp6_10,ttttat
ECK120010030_gntRp2_10,tttagt
ECK120010216_ndhp_10,tattct
ECK125137453_yfjMp3_10,ttttat
ECK125145772_yhjXp_10,tatggt
ECK120033248_ftsKp2_10,tttagt
ECK120029866_ftnBp2_10,tattct
ECK125137985_nudCp2_10,tgtagt
ECK120010109_argEp1_10,tgtatt
ECK125136732_ghrAp6_10,tgttat
ECK120010630_napFp1_10,tatctt
ECK125137717_aaeRp6_10,tgttat
ECK125136697_ycbWp4_10,ttttat
ECK125136665_ybjSp3_10,tttatt
ECK120009986_entSp2_10,tatgtt
ECK125136536_ybcKp7_10,tgtatt
ECK120010648_lysCp1_10,tttatt
ECK120011002_katGp_10,tatcgt
ECK125095202_tynAp_10,tctatt
ECK120011022_trpRp_10,tatcgt
ECK125137742_bfrp3_10,tctact
ECK125203410_sxyp_10,tatttt
ECK120010160_ilvCp_10,tgtcat
ECK120010052_idnRp_10,tattgt
ECK120016406_bcsBp_10,tttatt
ECK120010646_damp2_10,tatcgt
ECK120010235_ompRp2_10,tatgct
ECK120015157_galPp_10,tatctt
ECK120010151_cysKp1_10,tatgct
ECK120015375_cysGp1_10,tatgct
ECK125240996_rpoEp1b_10,tttact
ECK125137763_yrfFp10_10,tgtatt
ECK125136780_ymfDp7_10,tttatt
ECK120029297_aroHp2_10,tatcgt
ECK120034385_cspEp2_10,tgtact
ECK120009856_rdoAp_10,tatcct
ECK120010154_purEp_10,tattct
ECK120010253_pstSp_10,tatttt
ECK120033722_frcp_10,tattct
ECK125109855_gpmAp2_10,tatggt
ECK120010546_creAp_10,tatgtt
ECK125138099_yjiSp3_10,tgtatt
ECK125095434_yobFp1_10,tatgtt
ECK120049220_pepAp1_10,tttatt
ECK120010385_pnpp_10,tgtatt
ECK125135013_tufAp2_10,tatgct
ECK120010530_nlpDp1_10,tatcgt
ECK125136996_cspFp6_10,tttatt
ECK120010671_acnBp_10,tattct
ECK120022125_ychOp_10,tatggt
ECK125136393_cdsAp3_10,tttact
ECK120010177_argDp_10,tatttt
ECK120022366_micCp_10,tattct
ECK120010355_fabBp_10,tattgt
ECK125203420_ybhLp_10,tatcct
ECK125109146_casp_10,tattgt
ECK120010534_epdp_10,tatcct
ECK120010130_lacZp1_10,tatgtt
ECK125137798_yhhMp4_10,tatgct
ECK125136406_ivyp4_10,tatcgt
ECK120010396_ugpBp2_10,tatctt
ECK125158031_dicCp_10,tatctt
ECK125136628_ybhDp2_10,tatggt
ECK125136827_rdlAp5_10,tattct
ECK125136519_selUp4_10,tattgt
ECK125165392_degSp_10,tatgct
ECK125137084_sppAp6_10,tttatt
ECK120010267_serAp1_10,tatgtt
ECK125134707_pstCp_10,tgtagt
ECK125137854_yiaBp6_10,tttatt
ECK120010383_rpoDp2_10,tatcgt
ECK120010036_zntAp_10,tatcct
ECK120016575_qseBp1_10,tttact
ECK120010374_relAp1_10,tatcct
ECK120030796_rdlDp_10,tattct
ECK120010775_yjeFp2_10,tattgt
ECK125138063_yjgNp3_10,tttact
ECK125134703_glgBp_10,tattct
ECK120010122_galEp1_10,tatggt
ECK125137332_alaAp7_10,tatttt
ECK125137688_ftsHp4_10,tatcct
ECK125137964_yiiFp8_10,tattct
ECK125137866_yiaYp7_10,tatttt
ECK120015471_narZp_10,tatggt
ECK120015473_allDp_10,tatttt
ECK125137705_nanRp9_10,tatttt
ECK125136987_ydeIp5_10,tattct
ECK125136911_ydbHp9_10,tatttt
ECK125136895_ydaSp4_10,tattct
ECK120009921_mfdp2_10,tatgtt
ECK125137898_adep6_10,tattct
ECK125137984_yijPp9_10,tatcct
ECK125136634_ybhMp7_10,tatttt
ECK120011031_fabAp_10,tatcct
ECK125137608_mdaBp7_10,tatcct
ECK125136800_mcrAp9_10,tattgt
ECK125136640_mcbAp5_10,tatcgt
ECK125136568_ybeFp4_10,tatggt
ECK125137731_envRp12_10,tatctt
ECK125136478_yaiYp6_10,tattct
ECK125137675_lpoAp2_10,tatcct
ECK120010241_livJp_10,tatgtt
ECK120011023_uvrAp_10,tgtcat
ECK125137162_uspCp9_10,tatttt
ECK125136509_ushAp6_10,tatttt
ECK125137209_ugdp9_10,tattct
ECK125137251_dldp6_10,tattct
ECK120010988_araCp_10,tgtcat
ECK125137573_insHp4_10,tatggt
ECK125136459_betAp7_10,tattct
ECK125137339_dedDp3_10,tattgt
ECK120030660_dapEp_10,tatgct
ECK125138092_iadAp3_10,tattgt
ECK120034388_ykgMp_10,tatctt
ECK120029868_hslJp_10,tctatt
ECK125138022_basSp4_10,tatgct
ECK120015421_artPp_10,tatctt
ECK120051381_hicAp_10,tatttt
ECK125137707_rpsIp2_10,tatgtt
ECK120010533_rpoSp_10,tattct
ECK125137378_zipAp9_10,tatttt
ECK125136700_rmfp5_10,tatgtt
ECK125108720_yneMp_10,tatctt
ECK125137925_rarDp2_10,tatggt
ECK125138065_yjgNp7_10,tattgt
ECK120034250_pykAp2_10,tttgat
ECK125138024_yjdKp3_10,tatttt
ECK125137432_yfiLp8_10,tatgct
ECK125137974_yiiQp4_10,tatggt
ECK125137768_yhgEp6_10,tattgt
ECK125137741_zntRp2_10,tatgct
ECK125137551_yggIp4_10,tatcct
ECK125137435_yfiRp3_10,tatttt
ECK125136657_yliEp6_10,tatttt
ECK125137308_nudIp3_10,tattct
ECK125136430_yagLp7_10,tatgct
ECK125137205_cldp6_10,tatttt
ECK125136809_ymgFp11_10,tatttt
ECK125137045_ydhZp5_10,tatgct
ECK125137017_ydgCp3_10,tattct
ECK125137496_mltAp6_10,tatttt
ECK125136694_elfAp7_10,tattgt
ECK120010564_cadBp_10,tcttat
ECK125136782_litp8_10,tattct
ECK120010343_uvrCp3_10,tatgct
ECK125137020_uidCp6_10,tatgct
ECK125134718_iraMp2_10,ttttat
ECK125137212_insHp6_10,tatgct
ECK125136454_ykgEp7_10,tatgtt
ECK125136833_tprp1_10,tattct
ECK125138074_insGp6_10,tatttt
ECK125136567_tatEp3_10,tattgt
ECK125137030_slyAp14_10,tattct
ECK125136354_hokCp4_10,tatgct
ECK125136489_cyoEp3_10,tatcct
ECK125137258_yohJp4_10,tatgct
ECK125136831_rdlCp3_10,tattct
ECK125136829_rdlBp4_10,tattct
ECK120010126_glpDp_10,tatgtt
ECK125137250_yohOp6_10,tatttt
ECK125136448_ykgBp10_10,tattgt
ECK125138077_yjhBp5_10,tattgt
ECK125137923_yigFp5_10,tatgct
ECK125138042_yjfZp8_10,tatttt
ECK125137447_yfjHp3_10,tattct
ECK125137840_yhjYp9_10,tatcct
ECK125136710_gfcDp3_10,tatggt
ECK125137697_yhcCp8_10,ttttat
ECK125137696_yhcCp6_10,tatctt
ECK125137197_cobTp8_10,tatggt
ECK125137423_yfiCp3_10,tattgt
ECK125136424_yagGp6_10,tatcgt
ECK120010138_nrdAp_10,tatctt
ECK120011039_lysAp_10,tatttt
ECK125137864_yiaYp4_10,tatttt
ECK120010658_arcAp3_10,tgttat
ECK120016570_infAp2_10,tatctt
ECK125140845_shiAp_10,tctcat
ECK125141558_rsmGp_10,tatgct
ECK125137110_yoaCp6_10,tgttat
ECK125138076_yjhBp4_10,tattgt
ECK120015422_artJp_10,tgttat
ECK120010540_cspDp_10,tgtatt
ECK120010562_ppiAp3_10,tttgat
